ID_SAMPLE,site_name,elevation,basin_size,site_type,entity_type,New_lat,New_lon
5933,,,0.503,"terrestrial, bog/fen/swamp",,,
5947,,,25.001,,,,
5965,,,0.503,,,,
5978,,,0.35,"terrestrial, bog/fen/swamp",,,
5998,,,0.003,,,,
5999,,,0.003,,,,
6000,,,0.003,,,,
6004,,,0.003,,,,
6010,,,0.5,,,,
6049,,,0.5,,,,
6072,,,3755,,,,
6076,,,0.008,,,,
6247,,,0.05,"terrestrial, bog/fen/swamp",,,
6256,,,0.25,"terrestrial, bog/fen/swamp",,,
6271,,,0.12,,,,
6978,,,0.01,,,,
6979,,,0.01,,,,
6981,,,0.05,,,,
6982,,,0.02,,,,
6986,,,1.15,,,,
6987,,,0.01,,,,
6988,,,0.01,,,,
6994,,,0.01,,,,
7001,,,0.07,"terrestrial, bog/fen/swamp",,,
7034,,,0.001,,,,
7040,,,0.071,,,,
7041,,,0.031,,,,
7042,,,0.0003,,,,
7043,,,0.001,,,,
7044,,,0.001,,,,
7045,,,0.001,,,,
7046,,,0.001,,,,
7048,,,0.0003,,,,
7049,,,0.126,,,,
7053,,,0.028,,,,
7085,,,0.056,,,,
7090,,,0.017,,,,
7093,,,0.001,,,,
7095,,,not applicable,,,,
7096,,,0.001,,,,
7099,,,0.015,,,,
7101,,,not applicable,,,,
7102,,,not applicable,,,,
7103,,,0.081,,,,
7106,,,0.001,,,,
7111,,,0.001,lake,,,
7112,,,not applicable,,,,
7113,,,not applicable,,,,
7114,,,not applicable,,,,
7115,,,not applicable,,,,
7116,,,not applicable,,,,
7117,,,not applicable,,,,
7118,,,not applicable,,,,
7119,,,not applicable,,,,
7120,,,not applicable,,,,
7121,,,0.001,,,,
7122,,,0.001,,,,
7123,,,0.001,,,,
7124,,,0.001,,,,
7126,,,0.01,,,,
7128,,,0.03,,,,
7131,,,not applicable,,,,
7133,,,0.01,,,,
7144,,,0.002,lake,,,
7147,,,0.011,,,,
7150,,,0.031,,,,
7152,,,19,,,,
7163,,,0.032,lake,,,
7171,,,0.073,,,,
7173,,,605,,,,
7181,,,0.01,,,,
7183,,,0.003,,,,
7185,,,not applicable,,,,
7291,,157,0.16,lake,,,
7292,,,0.076,lake,,,
7293,,,1.23,lake,,,
7294,,,0.016,lake,,,
7295,,,0.003,lake,,,
7296,,,0.148,lake,,,
7297,,,0.11,lake,,,
7298,,,90.268,lake,,,
7299,,,57.32,lake,,,
7300,,,2.086,lake,,,
7301,,,0.031,lake,,,
7302,,,0.072,lake,,,
7303,,,1.533,lake,,,
7304,,,0.134,lake,,,
7305,,,3.532,lake,,,
7306,,,0.317,lake,,,
7307,,,0.008,lake,,,
7308,,,0.026,lake,,,
7309,,,0.292,lake,,,
7310,,,0.022,lake,,,
7311,,,11.754,lake,,,
7312,,,0.003,lake,,,
7313,,,0.002,lake,,45.04595027,6.936207989
7314,,,0.26,lake,,,
7315,,,0.076,lake,,,
7316,,,0.153,lake,,,
7317,,,0.028,lake,,,
7318,,,0.053,lake,,,
7319,,,0.48,lake,,,
7320,,,2.595,lake,,,
7321,,,0.026,lake,,,
7323,,,0.003,lake,,46.00682987,8.086162112
7324,,,0.017,lake,,,
7325,,,0.041,lake,,,
7326,,,5.488,lake,,,
7327,,,0.179,lake,,,
7328,,,0.015,lake,,,
7329,,,0.003,lake,,,
7330,,,0.002,lake,,,
7331,,,0.004,lake,,,
7332,,,0.451,lake,,,
7333,,,0.218,lake,,,
7334,,,0.029,lake,,,
7335,,,0.01,lake,,,
7336,,,0.317,lake,,,
7337,,,0.072,lake,,,
7338,,,0.362,lake,,,
7339,,,0.006,lake,,,
7340,,,0.012,lake,,,
7341,,,14.422,lake,,,
7342,,,0.09,lake,,,
7343,,,0.004,lake,,,
7344,,,5.789,lake,,,
7345,Lago Moregna,,0.027,lake,,,
7346,Lago Buse,,0.012,lake,,,
7347,Lago Stellune,,0.019,lake,,,
7348,Lago delle Trote,,0.011,lake,,,
7349,Lago Lusia III,,0.01,lake,,,
7350,Lago Cece,,0.02,lake,,,
7351,,,0.037,lake,,,
7352,,,5.402,lake,,,
7353,,,0.123,lake,,,
7354,,,0.023,lake,,,
7355,,,0.012,lake,,,
7356,,,0.028,lake,,,
7357,,,0.028,lake,,,
7358,,,0.028,lake,,,
7359,,,0.034,lake,,,
7360,,,0.07,lake,,,
7361,,,0.081,lake,,,
7362,,,0.02,lake,,,
7363,,,0.123,lake,,,
7364,,,0.163,lake,,,
7365,,,1.362,lake,,,
7366,,,0.007,lake,,,
7367,,,0.024,lake,,,
7786,,,not applicable,,,,
7790,,,1.12,,,,
7791,,,1.12,,,,
7792,,,1.12,,,,
7793,,,1.12,,,,
7794,,,1.12,,,,
7795,,,1.12,,,,
7796,,,1.12,,,,
7797,,,1.12,,,,
7798,,,1.12,,,,
7799,,,1.12,,,,
7800,,,1.12,,,,
7801,,,1.12,,,,
7802,,,1.12,,,,
7803,,,1.12,,,,
7804,,,1.12,,,,
7805,,,1.12,,,,
7806,,,1.12,,,,
7807,,,1.12,,,,
7808,,,1.12,,,,
7809,,,1.12,,,,
7810,,,1.12,,,,
7811,,,1.12,,,,
7812,,,1.12,,,,
7813,,,1.12,,,,
7814,,,1.12,,,,
8523,,,not applicable,,,,
8524,,,not applicable,,,,
8525,,,not applicable,,,,
8526,,,not applicable,,,,
8527,,,not applicable,,,,
8528,,,not applicable,,,,
8529,,,not applicable,,,,
8530,,,not applicable,,,,
8531,,,not applicable,,,,
8532,,,not applicable,,,,
8533,,,not applicable,,,,
8534,,,not applicable,,,,
8535,,,not applicable,,,,
8536,,,not applicable,,,,
8537,,,not applicable,,,,
8538,,,not applicable,,,,
8539,,,not applicable,,,,
8540,,,not applicable,,,,
8542,,,not applicable,,,,
8543,,,not applicable,,,,
8544,,,not applicable,,,,
8545,,,not applicable,,,,
8546,,,not applicable,,,,
8547,,,not applicable,,,,
8548,,,not applicable,,,,
8549,,,not applicable,,,,
8550,,,not applicable,,,,
8553,,,not applicable,,,,
8554,,,not applicable,,,,
8555,,,not applicable,,,,
8556,,,not applicable,,,,
8557,,,not applicable,,,,
8558,,,not applicable,,,,
8559,,,not applicable,,,,
8560,,,not applicable,,,,
8562,,,not applicable,,,,
8563,,,not applicable,,,,
8564,,,not applicable,,,,
8565,,,not applicable,,,,
8566,,,not applicable,,,,
8567,,,not applicable,,,,
8568,,,not applicable,,,,
8569,,,not applicable,,,,
8570,,,not applicable,,,,
8571,,,not applicable,,,,
8572,,,not applicable,,,,
8573,,,not applicable,,,,
8574,,,not applicable,,,,
8575,,,not applicable,,,,
8576,,,not applicable,,,,
8577,,,not applicable,,,,
8578,,,not applicable,,,,
8579,,,not applicable,,,,
8580,,,not applicable,,,,
8581,,,not applicable,,,,
8582,,,not applicable,,,,
8583,,,not applicable,,,,
8584,,,not applicable,,,,
8585,,,not applicable,,,,
8586,,,not applicable,,,,
8588,,,not applicable,,,,
8589,,,not applicable,,,,
8590,,,not applicable,,,,
8591,,,not applicable,,,,
8592,,,not applicable,,,,
8593,,,not applicable,,,,
8594,,,not applicable,,,,
8595,,,not applicable,,,,
8596,,,not applicable,,,,
8597,,,not applicable,,,,
8598,,,not applicable,,,,
8599,,,not applicable,,,,
8600,,,not applicable,,,,
8601,,,not applicable,,,,
8602,,,not applicable,,,,
8603,,,not applicable,,,,
8604,,,not applicable,,,,
8605,,,not applicable,,,,
8606,,,not applicable,,,,
8607,,,not applicable,,,,
8608,,,not applicable,,,,
8609,,,not applicable,,,,
8610,,,not applicable,,,,
8611,,,not applicable,,,,
8612,,,not applicable,,,,
8613,,,not applicable,,,,
8614,,,not applicable,,,,
8615,,,not applicable,,,,
8616,,,not applicable,,,,
8617,,,not applicable,,,,
8618,,,not applicable,,,,
8619,,,not applicable,,,,
8620,,,not applicable,,,,
8621,,,not applicable,,,,
8622,,,not applicable,,,,
8623,,,not applicable,,,,
8624,,,not applicable,,,,
8625,,,not applicable,,,,
8626,,,not applicable,,,,
8627,,,not applicable,,,,
8628,,,not applicable,,,,
8629,,,not applicable,,,,
8630,,,not applicable,,,,
8631,,,not applicable,,,,
8632,,,not applicable,,,,
8633,,,not applicable,,,,
8634,,,not applicable,,,,
8635,,,not applicable,,,,
8636,,,not applicable,,,,
8637,,,not applicable,,,,
8638,,,not applicable,,,,
8639,,,not applicable,,,,
8640,,,not applicable,,,,
8641,,,not applicable,,,,
8642,,,not applicable,,,,
8643,,,not applicable,,,,
8644,,,not applicable,,,,
8645,,,not applicable,,,,
8646,,,not applicable,,,,
8647,,,not applicable,,,,
8648,,,not applicable,,,,
8649,,,not applicable,,,,
8650,,,not applicable,,,,
8651,,,not applicable,,,,
8652,,,not applicable,,,,
8653,,,not applicable,,,,
8654,,,not applicable,,,,
8655,,,not applicable,,,,
8656,,,not applicable,,,,
8657,,,not applicable,,,,
8658,,,not applicable,,,,
8659,,,not applicable,,,,
8660,,,not applicable,,,,
8662,,,not applicable,,,,
8663,,,not applicable,,,,
8664,,,not applicable,,,,
8665,,,not applicable,,,,
8666,,,not applicable,,,,
8667,,,not applicable,,,,
8668,,,not applicable,,,,
8669,,,not applicable,,,,
8670,,,not applicable,,,,
8671,,,not applicable,,,,
8672,,,not applicable,,,,
8673,,,not applicable,,,,
8674,,,not applicable,,,,
8675,,,not applicable,,,,
8676,,,not applicable,,,,
8677,,,not applicable,,,,
8678,,,not applicable,,,,
8679,,,not applicable,,,,
8680,,,not applicable,,,,
8681,,,not applicable,,,,
8682,,,not applicable,,,,
8683,,,not applicable,,,,
8684,,,not applicable,,,,
8685,,,not applicable,,,,
8686,,,not applicable,,,,
8687,,,not applicable,,,,
8688,,,not applicable,,,,
8689,,,not applicable,,,,
8690,,,not applicable,,,,
8691,,,not applicable,,,,
8692,,,not applicable,,,,
8693,,,not applicable,,,,
8694,,,not applicable,,,,
8695,,,not applicable,,,,
8696,,,not applicable,,,,
8697,,,not applicable,,,,
8698,,,not applicable,,,,
8700,,,not applicable,,,,
8701,,,not applicable,,,,
8702,,,not applicable,,,,
8703,,,not applicable,,,,
8704,,,not applicable,,,,
8705,,,not applicable,,,,
8706,,,not applicable,,,,
8707,,,not applicable,,,,
8708,,,not applicable,,,,
8709,,,not applicable,,,,
8710,,,not applicable,,,,
8711,,,not applicable,,,,
8712,,,not applicable,,,,
8713,,,not applicable,,,,
8714,,,not applicable,,,,
8715,,,not applicable,,,,
8716,,,not applicable,,,,
8717,,,not applicable,,,,
8718,,,not applicable,,,,
8719,,,not applicable,,,,
8720,,,not applicable,,,,
8722,,,not applicable,,,,
8723,,,not applicable,,,,
8724,,,not applicable,,,,
8725,,,not applicable,,,,
8726,,,not applicable,,,,
8727,,,not applicable,,,,
9083,,,not applicable,,,,
9084,,,not applicable,,,,
9085,,,not applicable,,,,
9086,,,not applicable,,,,
9087,,,not applicable,,,,
9088,,,not applicable,,,,
9089,,,not applicable,,,,
9090,,,not applicable,,,,
9091,,,not applicable,,,,
9092,,,not applicable,,,,
9093,,,not applicable,,,,
9094,,,not applicable,,,,
9095,,,not applicable,,,,
9096,,,0.622,,,,
9098,,,not applicable,,,,
9101,,,not applicable,,,,
9102,,,not applicable,,,,
9108,,,not applicable,,,,
9109,,,not applicable,,,,
9110,,,not applicable,,,,
9111,,,not applicable,,,,
9112,,,not applicable,,,,
9113,,,not applicable,,,,
9114,,,not applicable,,,,
9115,,,not applicable,,,,
9116,,,not applicable,,,,
9117,,,not applicable,,,,
9118,,,not applicable,,,,
9119,,,not applicable,,,,
9120,,,not applicable,,,,
9121,,,not applicable,,,,
9122,,,not applicable,,,,
9123,,,not applicable,,,,
9124,,,not applicable,,,,
9125,,,not applicable,,,,
9126,,,not applicable,,,,
9127,,,not applicable,,,,
9128,,,0.1,,,,
9129,,,0.1,,,,
9186,,,,terrestrial,,,
9190,,,,terrestrial,,,
9236,,,0.004,lake,,,
9237,,,0.004,lake,,,
9238,,,0.004,lake,,,
9239,,,0.004,lake,,,
9240,,,0.004,lake,,,
9241,,,0.004,lake,,,
9405,,,0.031,lake,,,
9577,Lago Lungo,,0.78,lake,,,
9578,,,0.031,,,,
10305,,,0.005,,,,
10306,,,0.005,,,,
10307,,,0.005,,,,
10308,,,0.005,,,,
10309,,,0.005,,,,
10310,,,0.005,,,,
10311,,,0.005,,,,
10312,,,0.005,,,,
10313,,,0.005,,,,
10334,,,0.01,,,,
10335,,,0.01,,,,
10338,,,0.002,,,,
10339,,,0.002,,,,
10340,,,0.002,,,,
10341,,,0.002,,,,
10345,,,0.221,"terrestrial, bog/fen/swamp",,,
10348,,,0.015,,,,
10351,,,0.11,,,,
10352,,,0.001,,,,
10353,,,0.001,,,,
10354,,,0.001,,,,
10359,,,0.01,,,,
10360,,,0.01,,,,
10374,,,0.03,,,,
10375,,,0.03,,,,
10376,,,0.03,,,,
10377,,,0.03,,,,
10378,,,0.03,,,,
10382,,,0.001,lake,,37.0598363,-3.416975592
10389,,,0.103,,,,
10390,,,0.103,,,,
10391,,,0.103,,,,
10392,,,0.103,,,,
10397,,,0.001,,,,
10398,,,0.001,,,,
10399,,,0.001,,,,
10400,,,0.001,,,,
10403,,,0.14,,,,
10408,,,0.385,,,,
10439,,,0.002,,,,
10459,,,0.0002,,,,
10465,,,0.061,,,,
10468,,,0.005,,,,
10471,,,0.036,,,,
10472,,,0.036,,,,
10477,,,0.01,,,,
10478,,,0.01,,,,
10484,,,0.038,,,,
10508,,,0.01,,,,
10510,,,0.1,,,,
10522,,,0.092,,,,
10528,,,0.19,,,,
10538,,,0.659,,,,
10545,,,0.071,,,,
10644,,,0.6,,,,
10645,,,2.8,,,,
10646,,,0.008,,,,
10651,,,0.013,lake,,,
10652,,,0.006,lake,,,
10653,,,0.004,lake,,,
10654,,,0.007,lake,,,
10655,,,0.027,lake,,,
10657,,,0.0004,,,,
17661,,,,"terrestrial, bog/fen/swamp",,,
17662,,,,"terrestrial, bog/fen/swamp",,,
17663,,,,"terrestrial, bog/fen/swamp",,,
17678,,,0.515,"terrestrial, bog/fen/swamp",,,
17680,,,0.008,,,,
17691,,,0.01,"terrestrial, bog/fen/swamp",,,
17693,,,0.219,lake,lake surface sample,57.42418676,12.23574404
17698,,,0.116,lake,lake surface sample,65.13373097,29.6055826
17701,,,25.001,lake,,,
17728,,,0.47,lake,lake surface sample,,
17729,,,0.174,lake,lake surface sample,64.1661437,28.74544743
17753,,,0.001,"terrestrial, bog/fen/swamp",,,
17754,,,0.001,"terrestrial, bog/fen/swamp",,,
17755,,,0.001,"terrestrial, bog/fen/swamp",,,
17756,,,0.001,"terrestrial, bog/fen/swamp",,,
17757,,,0.001,"terrestrial, bog/fen/swamp",,,
17758,,,0.001,"terrestrial, bog/fen/swamp",,,
17767,,,0.238,lake,lake surface sample,68.48412392,27.88463666
17768,,,0.41,lake,lake surface sample,,
17769,,,0.086,lake,lake surface sample,68.28737211,24.74151289
17783,,,0.001,,,,
17784,,,0.001,,,,
17797,,,0.082,,,,
17857,,,0.0004,"terrestrial, bog/fen/swamp",,,
17858,,,0.002,"terrestrial, bog/fen/swamp",,,
17859,,,0.002,"terrestrial, bog/fen/swamp",,,
17993,,,not applicable,,,,
17994,,,not applicable,,,,
18005,,,0.003,,,,
18006,,,0.003,,,,
18015,,,0.066,"terrestrial, bog/fen/swamp",,,
18040,,,39000,,,,
18079,,,,"terrestrial, bog/fen/swamp",,,
18080,,,1.1,lake,,42.13,2.75
18089,,,0.03,lake,,,
18132,,,2.011,"terrestrial, bog/fen/swamp",,,
18133,,,2.011,"terrestrial, bog/fen/swamp",,,
18134,,,2.011,"terrestrial, bog/fen/swamp",,,
18135,,,2.011,"terrestrial, bog/fen/swamp",,,
18136,,,2.011,"terrestrial, bog/fen/swamp",,,
18137,,,2.011,"terrestrial, bog/fen/swamp",,,
18138,,,2.011,"terrestrial, bog/fen/swamp",,,
18139,,,2.011,"terrestrial, bog/fen/swamp",,,
18140,,,2.011,"terrestrial, bog/fen/swamp",,,
18141,,,2.011,"terrestrial, bog/fen/swamp",,,
18142,,,2.011,"terrestrial, bog/fen/swamp",,,
18143,,,2.011,"terrestrial, bog/fen/swamp",,,
18144,,,2.011,"terrestrial, bog/fen/swamp",,,
18182,,,0.095,,,,
18183,,,0.1,,,,
18184,,,1125,,,,
18190,,,0.02,,,,
18260,Bobrovichskoe,,9.47,,,,
18261,,,0.346,lake,lake surface sample,61.3271551,16.86313988
18262,,,0.005,,,,
18299,,,0.15,lake,core top,,
18308,,,,"terrestrial, bog/fen/swamp",,,
18315,,,0.195,lake,,61.45182557,8.842671159
18334,,,25.001,,,,
18343,,,0.785,,,,
18344,,,0.785,,,,
18345,,,0.785,,,,
18346,,,0.785,,,,
18347,,,0.785,,,,
18349,,,0.005,,,,
18350,,,0.005,,,,
18351,,,0.005,,,,
18356,,,0.003,"terrestrial, bog/fen/swamp",,,
18357,,,0.003,"terrestrial, bog/fen/swamp",,,
18362,,,0.015,,,,
18368,,,0.68,lake,,39.87132145,37.37810406
18369,,,0.01,"terrestrial, bog/fen/swamp",,,
18468,,,not applicable,,,,
18551,,,0.056,"terrestrial, bog/fen/swamp",core top,,
18552,,,0.056,"terrestrial, bog/fen/swamp",core top,,
18553,,,0.32,"terrestrial, bog/fen/swamp",,,
18554,,,0.001,"terrestrial, bog/fen/swamp",,,
18578,,,0.1,,,,
18579,,,0.019,lake,,45.36974443,2.660287812
18581,,,0.196,,,,
18594,,,0.152,lake,,,
18596,,,not applicable,,,,
18633,,,0.031,,,,
18660,,,0.84,,,,
18738,,,0.203,,,,
18745,,,0.003,,,,
18750,Dvorishchanskoe,,0.1,lake,,,
18795,,,259.984,"terrestrial, bog/fen/swamp",,,
18853,,,2.05,,,,
18856,,,0.001,lake,,,
18857,,,0.123,lake,lake surface sample,,
18858,,,0.091,lake,,,
18937,,,0.397,lake,lake surface sample,57.5219222,12.22831028
18938,,,0.031,lake,,,
18954,,,0.047,"terrestrial, bog/fen/swamp",,,
18966,,,0.002,,,,
18967,,,0.04,,,,
19125,,,0.124,lake,lake surface sample,62.40898819,16.30712049
19127,,,0.038,"terrestrial, bog/fen/swamp",,,
19131,,,0.271,lake,lake surface sample,,
19146,,,0.12,"terrestrial, bog/fen/swamp",,,
19173,,,0.013,,,,
19214,,,0.01,,,,
19219,,,0.002,"terrestrial, bog/fen/swamp",,,
19221,,,0.002,"terrestrial, bog/fen/swamp",,,
19252,,,0.005,lake,,46.1959084,7.845032294
19255,,,0.084,,,,
19262,,,0.281,,,,
19263,,,0.281,,,,
19264,,,0.281,,,,
19265,,,0.281,,,,
19266,,,0.281,,,,
19267,,,0.281,,,,
19271,,,0.281,,,,
19272,,,0.281,,,,
19273,,,0.281,,,,
19649,,,0.0135,lake,lake surface sample,,
19654,,,0.025,"terrestrial, bog/fen/swamp",,,
19657,,,2.32,lake,lake surface sample,,
19658,,,0.597,lake,lake surface sample,60.04578037,16.55989153
19659,,,0.871,lake,lake surface sample,,
19661,,,0.012,,,,
19662,,,0.212,lake,lake surface sample,61.35663442,23.29314922
19672,,,0.089,lake,lake surface sample,,
19674,,,small (0.01-1 km2),lake,lake surface sample,,
19675,,,0.194,lake,lake surface sample,,
19686,,,0.317,lake,lake surface sample,,
19687,,,0.169,lake,lake surface sample,,
19688,,,small (0.01-1 km2),lake,lake surface sample,,
19689,,,0.046,lake,,,
19691,,,0.046,lake,,,
19714,,,0.01,lake,,,
19719,,,0.085,lake,,,
19720,,,0.077,lake,,,
19721,,,0.1,,,,
19723,,,0.17,lake,,,
19724,,,0.1,,,,
19727,,,0.785,lake,,,
19729,,,0.03,lake,lake surface sample,62.4636526,27.45606712
19730,,,0.352,lake,lake surface sample,60.76809505,27.28691761
19733,,,982,,,,
19742,,,0.108,lake,lake surface sample,66.68705385,28.92135246
19746,,,0.17,lake,lake surface sample,,
19747,,,0.042,lake,lake surface sample,,
19750,,,0.214,lake,lake surface sample,61.35171318,25.08422149
19751,,,0.172,lake,lake surface sample,60.35449441,23.63033817
19752,,,0.31,lake,lake surface sample,62.94875394,30.42821253
19753,,,0.198,lake,lake surface sample,62.35095511,25.15984322
19754,,,0.636,,,,
19755,,,0.146,lake,lake surface sample,63.30959291,30.21547821
19782,,,11.995,,,,
19785,,,0.1,lake,lake surface sample,,
19786,,,0.267,lake,lake surface sample,,
19788,,,0.1,lake,lake surface sample,,
19791,,,0.141,lake,lake surface sample,57.68048689,26.40745007
19794,,,0.167,lake,lake surface sample,59.09606561,24.15509504
19807,,,0.07,lake,lake surface sample,57.88585162,25.87020794
19810,,,0.026,lake,lake surface sample,64.47096389,27.68710932
19828,,,0.432,lake,,,
19830,,,not applicable,,,,
19831,,,not applicable,,,,
19835,,,not applicable,,,,
19836,,,,terrestrial,,,
19837,,,not applicable,,,,
19838,,,0.444,lake,lake surface sample,59.58193947,25.88388892
19840,,,28,,,,
19855,,,0.413,lake,lake surface sample,,
19868,,,0.183,lake,lake surface sample,64.28870014,30.15218541
19870,,,small (0.01-1 km2),lake,,,
19873,,,0.159,,,,
19876,,,0.454,lake,lake surface sample,66.06390407,29.80906235
19892,,,0.01,"terrestrial, bog/fen/swamp",,,
19894,,,0.213,lake,lake surface sample,59.79164898,15.92063982
19896,,,0.119,lake,lake surface sample,57.75181447,12.32539787
19898,,,0.414,lake,lake surface sample,57.77012654,26.25865311
19899,,,0.239,lake,lake surface sample,62.61523091,30.76238163
19912,,,407,,,,
19916,,,8.2,,,,
19923,,,0.265,lake,lake surface sample,63.9523559,29.77385651
19936,,,0.03,"terrestrial, bog/fen/swamp",,,
19937,,,0.389,lake,,,
19942,,,0.206,lake,lake surface sample,63.17280738,25.48287263
19945,,,0.12,lake,lake surface sample,60.02501032,23.14953127
19946,,,25.001,,,,
19964,,,0.064,"terrestrial, bog/fen/swamp",,,
19989,,,0.002,lake,,42.98032147,-4.150912804
19991,,,0.447,lake,,,
20012,,,not applicable,,,,
20013,,,not applicable,,,,
20014,,,not applicable,,,,
20024,,,0.051,"terrestrial, bog/fen/swamp",,,
20029,,,not applicable,,,,
20057,,,0.019,lake,,,
20059,,,0.02,lake,,,
20061,,,0.07,lake,,,
20062,,,0.03,,,,
20063,,,0.439,lake,,,
20070,,,0.031,,,,
20071,,,0.031,,,,
20072,,,0.031,,,,
20073,,,0.031,,,,
20074,,,not applicable,,,,
20075,,,not applicable,,,,
20078,,,0.238,lake,,43.041685,-6.13878
20080,,,0.031,,,,
20081,,,0.031,,,,
20082,,,0.031,,,,
20083,,,0.016,lake,,,
20084,,,3.799,lake,,,
20085,,,0.584,lake,,,
20094,,,1.8,,,,
20095,,,0.013,lake,,44.1722127,10.8176281
20097,,,0.006,lake,,,
20106,,,1,,,,
20109,,,0.045,,,,
20111,,,0.069,lake,,,
20114,,,0.75,lake,,,
20118,,,0.008,,,,
20119,,,0.005,lake,,41.76248963,-8.044769813
20134,,,0.626,lake,,,
20135,,,0.671,lake,,,
20146,,,0.2,,,,
20147,,,0.321,lake,,,
20148,,,0.2,,,,
20149,,,0.2,,,,
20150,,,0.1,,,,
20151,,,0.152,lake,,,
20152,,,0.2,,,,
20155,Laguna de Comisario,,0.2,,,,
20156,,,1,,,,
20158,Laguna De Alcahozo,,0.5,,,,
20160,,,0.048,lake,,,
20161,,,0.003,lake,,38.38898717,-2.509570921
20164,,,0.0005,lake,,43.33440511,-6.892905115
20167,,,2.5,,,,
20169,,,2.403,lake,,,
20170,,,0.5,,,,
20173,,,0.001,lake,,,
20176,,,0.176,lake,,,
20179,,,0.016,lake,,,
20180,,,0.1,,,,
20181,,,0.3,,,,
20182,,,12.2,,,,
20183,,,0.084,lake,,,
20185,,,0.8,,,,
20188,,,0.02,lake,,,
20190,,,0.259,lake,,,
20194,,,0.086,lake,,,
20195,,,0.086,lake,,,
20200,,,0.492,lake,,,
20201,,,0.234,lake,,,
20205,,,0.2,lake,,,
20207,,,0.5,,,,
20208,,,0.9,,,,
20209,,,0.116,lake,,,
20213,,,1.5,,,,
20214,,,0.2,,,,
20215,,,0.517,lake,,,
20220,,,0.228,lake,,,
20221,,,0.1,,,,
20226,,,0.9,,,,
20227,,,1.625,lake,,,
20230,,,5.75,,,,
20231,,,2,lake,,,
20232,Laguna de Tarage,,0.2,,,,
20233,,,0.2,,,,
20234,,,0.2,,,,
20235,,,0.5,,,,
20236,Laguna Salada de Tiscar,,0.2,,,,
20237,Laguna de los Tollos,,0.7,,,,
20239,,,0.133,lake,,,
20241,,,0.55,,,,
20242,,,0.66,,,,
20244,,,0.6,,,,
20246,,,0.234,lake,lake surface sample,61.4027043,23.96791905
20247,,,0.2,lake,lake surface sample,62.71711153,24.62275265
20248,,,0.006,,,,
20249,,,1.661,lake,lake surface sample,,
20250,,,0.199,lake,lake surface sample,,
20251,,,small (0.01-1 km2),lake,lake surface sample,,
20252,,,small (0.01-1 km2),lake,lake surface sample,,
20253,,,small (0.01-1 km2),lake,lake surface sample,,
20254,,,0.551,lake,lake surface sample,,
20255,,,small (0.01-1 km2),lake,lake surface sample,,
20256,,,small (0.01-1 km2),lake,lake surface sample,,
20257,,,small (0.01-1 km2),lake,lake surface sample,,
20258,,,2.177,lake,lake surface sample,,
20259,,,small (0.01-1 km2),lake,lake surface sample,,
20260,,,small (0.01-1 km2),lake,lake surface sample,,
20261,,,6.207,lake,lake surface sample,,
20262,,,small (0.01-1 km2),lake,lake surface sample,,
20263,,,small (0.01-1 km2),lake,lake surface sample,,
20264,,,small (0.01-1 km2),lake,lake surface sample,,
20265,,,small (0.01-1 km2),lake,lake surface sample,,
20266,,,small (0.01-1 km2),lake,lake surface sample,,
20267,,,small (0.01-1 km2),lake,lake surface sample,,
20268,,,small (0.01-1 km2),lake,lake surface sample,,
20269,,,small (0.01-1 km2),lake,lake surface sample,,
20270,,,small (0.01-1 km2),lake,lake surface sample,,
20271,,,small (0.01-1 km2),lake,lake surface sample,,
20272,,,small (0.01-1 km2),lake,lake surface sample,,
20285,,,0.2,,,,
20293,,,0.503,"lacustrine, drained lake",,,
20295,,,0.011,lake,,,
20299,,,49,,,,
20300,,,49,,,,
20301,,,49,,,,
20302,,,49,,,,
20303,,,49,,,,
20304,,,49,,,,
20305,,,49,,,,
20306,,,49,,,,
20307,,,49,,,,
20322,,,251,,,,
20323,,,251,,,,
20324,,,251,,,,
20325,,,251,,,,
20326,,,251,,,,
20327,,,251,,,,
20328,,,251,,,,
20329,,,251,,,,
20330,,,251,,,,
20331,,,251,,,,
20332,,,251,,,,
20333,,,251,,,,
20334,,,251,,,,
20335,,,251,,,,
20337,,,0.06,,,,
20363,,,0.26,,,,
20365,,,3755,,,,
20366,,,3755,,,,
20367,,,15.5,,,,
20383,,,90.999,lake,,,
20391,,,0.024,lake,,,
20392,,,0.024,lake,,,
20393,,,0.024,lake,,,
20394,,,0.024,lake,,,
20395,,,0.024,lake,,,
20396,,,0.024,lake,,,
20397,,,0.024,lake,,,
20398,,,0.024,lake,,,
20399,,,0.024,lake,,,
20400,,,0.024,lake,,,
20403,,,0.282,lake,surface sample,,
20404,,,0.251,lake,surface sample,64.18172185,30.30901316
20446,,,0.222,lake,surface sample,,
20448,,,0.419,lake,surface sample,,
20450,,,not applicable,,,,
20451,,,,"lacustrine, drained lake",,,
20455,,,0.131,lake,lake surface sample,64.8273105,29.50604216
20459,,,0.097,lake,,59.97137658,23.23947449
20466,,,not applicable,,,,
20467,,,not applicable,,,,
20468,,,not applicable,,,,
20505,,,not applicable,,,,
20535,,,0.028,lake,,,
20536,,,0.036,"terrestrial, bog/fen/swamp",,,
20542,,,0.638,lake,,,
20547,,,27,,,,
20551,,,0.5,,,,
20560,,,0.536,lake,lake surface sample,59.54884234,25.69101453
20566,,,1.231,,,,
20567,,,1.231,,,,
20568,,,1.231,,,,
20571,,,1.231,,,,
20572,,,1.231,,,,
20576,,,1.231,,,,
20577,,,1.231,,,,
20579,,,1.231,,,,
20580,,,1.231,,,,
20581,,,1.231,,,,
20582,,,1.231,,,,
20585,,,25.001,,,,
20586,,,0.203,lake,lake surface sample,60.70701312,27.81867521
20591,,,0.008,"terrestrial, bog/fen/swamp",,,
20596,,,0.176,lake,lake surface sample,69.88021391,28.21474828
20597,,,small (0.01-1 km2),lake,lake surface sample,,
20598,,,small (0.01-1 km2),lake,lake surface sample,,
20599,,,small (0.01-1 km2),lake,lake surface sample,,
20600,,,small (0.01-1 km2),lake,lake surface sample,,
20742,,,,terrestrial,,,
20745,,,0.018,,,,
20746,,,,terrestrial,,,
20749,,,0.817,,,,
20774,,,not applicable,,,,
20775,,,not applicable,,,,
20776,,,not applicable,,,,
20777,,,not applicable,,,,
20778,,,not applicable,,,,
20779,,,not applicable,,,,
20784,,,,lake,,,
20786,,,,"terrestrial, marsh",,,
20875,,,0.124,,,,
20906,,,0.022,,,,
21145,,,0.061,"terrestrial, bog/fen/swamp",,,
21219,,,0.037,,,,
21228,,,0.059,lake,lake surface sample,59.39667774,14.17391291
21513,,,0.999,,,,
21514,,,0.23,lake,lake surface sample,59.86898502,17.09473863
21520,,,0.533,lake,lake surface sample,57.26033159,14.48283506
21544,,,0.154,lake,lake surface sample,62.42782924,25.44516037
21552,,,0.114,lake,lake surface sample,67.30204219,29.27841976
21553,,,0.603,lake,lake surface sample,57.58198814,27.08994999
21554,,,0.218,lake,lake surface sample,57.93134686,27.34274516
21559,,,0.172,lake,lake surface sample,61.59488029,22.66839098
21562,,,small (0.01-1 km2),lake,lake surface sample,,
21567,,,not applicable,,,,
21569,,,0.151,lake,lake surface sample,,
21584,,,0.262,lake,lake surface sample,61.08691479,22.02711537
21585,,,0.01,"terrestrial, bog/fen/swamp",,,
21587,,,54.4,,,,
21601,,,0.264,lake,lake surface sample,60.78307147,27.06226819
21605,,,0.055,lake,lake surface sample,57.87755,25.89322
21606,,,0.08,,,,
21742,,,0.05,,,,
21745,,,0.319,lake,lake surface sample,64.16203511,27.53089247
21748,,,0.136,lake,lake surface sample,,
21755,,,0.003,,,,
21757,,,0.22,lake,lake surface sample,63.12106151,26.77734556
21758,,,0.225,lake,lake surface sample,,
21769,,,0.1,lake,lake surface sample,59.76823859,14.85766284
21770,,,0.319,lake,lake surface sample,57.72829387,12.66414573
21786,,,0.12,lake,lake surface sample,63.25194086,30.66110336
21788,,,0.11,lake,lake surface sample,57.91167,27.18865
21789,,,0.203,lake,lake surface sample,58.2728736,25.50235551
21792,,,0.078,lake,lake surface sample,57.62402991,27.15579533
21793,,,0.032,"terrestrial, bog/fen/swamp",,,
21794,,,0.249,lake,,,
21808,,,0.011,"terrestrial, bog/fen/swamp",,,
21810,,,not applicable,,,,
21811,,,not applicable,,,,
21848,,,0.001,,,,
21866,,,0.003,"terrestrial, bog/fen/swamp",,,
21867,,,1.137,lake,lake surface sample,60.38990889,23.41858012
21871,,,2.397,lake,lake surface sample,62.38473346,28.47358737
21874,,,0.287,lake,lake surface sample,64.25493815,30.30851177
21877,,,not applicable,,,,
21882,,,0.164,lake,lake surface sample,66.73413626,27.92266278
21883,,,0.089,lake,,,
21884,,,0.774,lake,lake surface sample,62.86149027,25.03283187
21892,,,not applicable,,,,
21898,,,0.005,,,,
21899,,,25.001,"terrestrial, bog/fen/swamp",,,
21931,,,,"terrestrial, bog/fen/swamp",,,
21938,,,0.008,lake,,,
21942,,,0.162,lake,lake surface sample,57.64928434,57.64928434
21943,,,not applicable,,,,
21975,,,0.189,lake,lake surface sample,57.8481613,14.39135891
22001,,,0.152,lake,lake surface sample,59.83520052,17.2192219
22008,,,0.256,lake,lake surface sample,62.86028649,28.90988639
22024,,,small (0.01-1 km2),lake,lake surface sample,,
22065,,,not applicable,,,,
22066,,,not applicable,,,,
22108,,,0.017,,,,
22136,,,not applicable,,,,
22137,,,,lake,,,
22155,,,0.382,lake,lake surface sample,59.45340075,25.30665738
22158,,,0.339,lake,lake surface sample,63.07199799,26.10808809
22160,,,0.134,lake,lake surface sample,60.33231071,24.46232792
22198,,,0.161,lake,lake surface sample,64.14335849,26.53354327
22200,,,0.088,"terrestrial, bog/fen/swamp",,,
22201,,,0.031,"terrestrial, bog/fen/swamp",,,
22275,,,0.659,,,,
22281,,,0.247,lake,lake surface sample,60.7777054,22.34388582
22284,,,0.162,lake,lake surface sample,66.16348623,27.56660148
22302,,,0.304,lake,lake surface sample,61.17690791,25.18461433
22303,,,0.129,lake,lake surface sample,63.43149116,26.57457851
22304,,,0.503,lake,,,
22313,,,0.2,"terrestrial, bog/fen/swamp",,,
22314,,,0.2,"terrestrial, bog/fen/swamp",,,
22316,,,370,,,,
22336,,,,lake,,,
22423,,,0.707,lake,lake surface sample,59.97696735,17.14504706
22444,,,small (0.01-1 km2),lake,lake surface sample,,
22446,,,0.302,lake,lake surface sample,57.1830029,12.47941858
22458,,,0.145,lake,lake surface sample,61.53429729,16.76358056
22494,,,0.19,lake,lake surface sample,59.9842652,16.35469634
22496,,,0.189,lake,lake surface sample,62.79827101,28.38487665
22505,,,0.279,lake,lake surface sample,57.02360391,14.47908449
22646,,,15,,,,
22649,,,0.336,lake,,59.81256544,14.62063318
22650,,,0.805,lake,,57.86488851,12.243439
22687,,,0.228,lake,,,
22689,,,0.937,lake,,59.91803641,16.40271045
22701,,,0.132,lake,,59.78571313,15.66966916
22767,,,0.242,lake,,57.71543674,14.49236824
22775,,,0.1,,,,
22777,,,,"terrestrial, bog/fen/swamp",,,
22779,,,0.244,lake,,62.66839956,27.9907151
22785,,,0.01,,,,
22886,,,0.157,lake,,60.81216284,28.13719683
22887,,,0.2,lake,,61.40751999,23.95797466
22888,,,0.348,lake,,60.67397522,25.91513736
22924,,,not applicable,,,,
22929,,,not applicable,,,,
22930,,,not applicable,,,,
22931,,,not applicable,,,,
22932,,,not applicable,,,,
22933,,,not applicable,,,,
22934,,,not applicable,,,,
22935,,,not applicable,,,,
22936,,,not applicable,,,,
22937,,,not applicable,,,,
22938,,,not applicable,,,,
22939,,,not applicable,,,,
22940,,,not applicable,,,,
22941,,,not applicable,,,,
22942,,,not applicable,,,,
22943,,,not applicable,,,,
22944,,,not applicable,,,,
22945,,,not applicable,,,,
22946,,,not applicable,,,,
22947,,,not applicable,,,,
22948,,,not applicable,,,,
22949,,,not applicable,,,,
22950,,,not applicable,,,,
22951,,,not applicable,,,,
22952,,,not applicable,,,,
22953,,,not applicable,,,,
22954,,,not applicable,,,,
22955,,,not applicable,,,,
22956,,,not applicable,,,,
22957,,,not applicable,,,,
22958,,,not applicable,,,,
22959,,,not applicable,,,,
22960,,,not applicable,,,,
22961,,,not applicable,,,,
22962,,,not applicable,,,,
22963,,,not applicable,,,,
22964,,,not applicable,,,,
22965,,,not applicable,,,,
22966,,,not applicable,,,,
22967,,,not applicable,,,,
22968,,,not applicable,,,,
22984,,,0.128,lake,,63.59325912,29.91562107
22989,,,0.019,lake,,,
23007,,,3.052,lake,,,
23008,,,0.109,lake,,64.0232138,30.08325608
23012,,,0.031,,,,
23013,,,0.29,lake,,57.23164696,12.71147749
23029,,,0.02,,,,
23046,,,0.008,,,,
23051,,,49.989,,,,
23069,,,0.084,"terrestrial, bog/fen/swamp",,,
23108,,,12.479,,,,
23111,,,0.155,lake,lake surface sample,65.48886079,27.84335878
23112,,,22.889,lake,,,
23116,,,0.004,,,,
23268,,,0.09,lake,lake surface sample,,
23269,,,0.057,lake,lake surface sample,67.46999061,27.3560626
23271,,,0.237,lake,lake surface sample,60.69635299,23.75233412
23272,,,0.102,lake,lake surface sample,57.72105664,27.02617815
23294,,,0.066,lake,lake surface sample,57.94109,27.34659
23295,,,0.155,lake,lake surface sample,65.26367393,29.29318792
23296,,,0.306,lake,lake surface sample,61.45725228,28.42738393
23297,,,0.69,lake,lake surface sample,60.57282208,25.79832733
23441,,,0.424,lake,lake surface sample,57.9937,12.3655
23442,,,small (0.01-1 km2),lake,lake surface sample,,
23455,,,0.283,,,,
23459,,,0.159,lake,lake surface sample,57.73525398,12.75546993
23462,,,0.175,lake,lake surface sample,62.59406021,30.25915645
23464,,,0.238,lake,lake surface sample,60.6733002,27.13946503
23471,,,0.007,lake,,,
23477,,,0.04,,,,
23480,,,0.185,lake,lake surface sample,62.32489724,16.65439081
23481,,,0.214,lake,lake surface sample,60.99361266,28.3294959
23534,,,0.038,lake,lake surface sample,57.65091218,27.08162576
23537,,,0.225,lake,lake surface sample,60.96719665,27.05712827
23543,,,26,,,,
23545,,,0.5,"terrestrial, bog/fen/swamp",,,
23546,,,0.179,,,,
23703,,,0.026,,,,
23706,,,0.011,,,,
23841,,,0.066,,,,
23842,,,0.3,,,,
23905,,,0.25,,,,
23906,,,0.25,,,,